location	variant	person_id
chr1:1305145-1314126	duplication	12613.p1
chr1:3975501-3977800	deletion	13424.s1
chr1:6647401-6650500	deletion	12852.p1
chr1:8652301-8657600	deletion	13776.p1
chr1:9992001-9994100	deletion	13373.s1
chr1:12224601-12227300	deletion	14198.p1
chr1:15687701-15696200	deletion	13259.p1
chr1:30388501-30398807	deletion	14696.s1
chr1:40513501-40534200	deletion	14534.p1
chr1:40513501-40534200	deletion	14534.s1
chr1:48141901-48243413	duplication	13447.s1
chr1:49846201-49848300	duplication	13812.p1
chr1:62652201-62703647	deletion	12021.p1
chr1:90083801-90095600	deletion	14697.p1
chr1:93078701-105286800	deletion	13346.p1
chr1:108817301-108819500	deletion	13649.s1
chr1:112016501-112981398	deletion	13346.p1
chr1:202771301-202773900	deletion	11989.s1
chr1:218504701-218549300	deletion	13971.s1
chr1:223986001-223996000	deletion	12010.s1
chr1:226785001-226793000	deletion	12161.p1
chr1:238725802-238755482	duplication	13876.p1
chr1:240305480-240314000	deletion	13061.p1
chr1:243067890-243110800	deletion	11110.p1
chr2:23810134-23828103	deletion	13147.p1
chr2:27179001-27185300	deletion	14362.p1
chr2:29052901-29060900	deletion	14008.p1
chr2:43524901-43527700	duplication	13836.p1
chr2:47603301-47613900	deletion	11152.p1
chr2:50562601-51028500	deletion	13962.p1
chr2:51015001-51084500	deletion	13580.p1
chr2:52851901-53053700	duplication	13493.p1
chr2:61272127-61311400	duplication	13629.s1
chr2:85311701-85314200	deletion	11407.s1
chr2:160804701-160808000	deletion	13016.s1
chr2:169874601-169886300	deletion	13302.p1
chr2:189113201-189135544	deletion	14415.p1
chr2:208805901-208817200	deletion	13504.s1
chr2:215277001-215283733	deletion	12861.s1
chr3:4116701-4837700	deletion	11046.p1
chr3:4996799-5010099	duplication	11046.p1
chr3:22991601-22995300	deletion	14210.p1
chr3:27492401-27514200	deletion	11838.p1
chr3:30796201-30800100	deletion	14662.p1
chr3:37236601-37409137	deletion	11696.p1
chr3:60854801-60857200	duplication	14590.p1
chr3:67083420-72210353	deletion	12032.p1
chr3:68718401-68721900	duplication	13649.p1
chr3:80527601-80555800	deletion	11479.p1
chr3:105250701-105329648	deletion	11227.p1
chr3:129465801-129467800	deletion	13095.s1
chr3:135586728-135768700	duplication	13348.s1
chr3:140901248-140907406	deletion	11611.p1
chr3:164452101-164471813	deletion	11450.p1
chr3:195986227-197654159	deletion	14595.p1
chr3:195990717-197630600	deletion	11079.p1
chr3:195996901-197634900	deletion	13064.p1
chr4:1164464-1170615	duplication	14370.p1
chr4:3436401-3443200	deletion	12399.p1
chr4:7049816-7056982	duplication	14370.p1
chr4:7998801-8004100	deletion	14129.p1
chr4:23361536-23368416	deletion	13136.s1
chr4:36611031-36623697	deletion	12674.p1
chr4:39589901-39603000	deletion	12962.s1
chr4:40451701-40457100	deletion	12661.p1
chr4:54790001-54793200	deletion	11546.s1
chr4:65506601-65513400	deletion	14225.p1
chr4:92123601-92127000	deletion	12134.s1
chr4:92877601-92920200	deletion	12329.s1
chr4:93122101-93158900	deletion	13666.p1
chr4:143884601-144124900	deletion	11920.s1
chr4:167755401-167771100	duplication	13088.s1
chr4:182708701-184116300	duplication	14535.s1
chr5:4933501-4946500	deletion	14477.p1
chr5:11200501-11203900	deletion	13204.s1
chr5:11351101-11439455	deletion	12289.p1
chr5:16419901-16425100	duplication	14661.s1
chr5:22287201-22551425	deletion	12888.s1
chr5:35979301-38224100	duplication	14532.p1
chr5:46340601-46363650	duplication	12572.s1
chr5:62944601-62952300	deletion	12369.s1
chr5:67758301-67762000	deletion	13737.p1
chr5:72334394-72356874	deletion	12575.s1
chr5:76307201-76309400	deletion	13230.p1
chr5:76722601-76726000	deletion	11027.p1
chr5:82805501-82809500	deletion	12552.p1
chr5:86381447-86395303	deletion	11642.p1
chr5:97011101-97016200	deletion	14151.p1
chr5:120588071-120672600	deletion	12373.s1
chr5:138101001-138808800	duplication	14478.p1
chr5:149654201-149656800	deletion	13773.s1
chr5:178602222-178612400	duplication	13307.s1
chr6:1744903-2450672	duplication	14016.s1
chr6:34607301-34800800	duplication	13210.p1
chr6:67114901-67122500	deletion	14514.p1
chr6:67141701-67147600	deletion	13753.p1
chr6:73390797-73398500	deletion	14404.p1
chr6:76977858-76986825	deletion	12775.p1
chr6:83647501-83650700	duplication	14127.p1
chr6:110879219-111020192	duplication	14467.s1
chr6:137801001-137803000	deletion	12610.p1
chr6:140863801-140980500	duplication	13478.p1
chr6:155146501-155157200	deletion	14533.s1
chr6:156330186-157547584	deletion	14609.p1
chr6:157178001-157192200	deletion	13928.p1
chr7:1055901-1062000	deletion	13886.s1
chr7:1196801-1300477	duplication	14189.p1
chr7:6898224-6950135	deletion	11031.s1
chr7:8738001-8796830	deletion	14240.p1
chr7:11722601-11885600	deletion	13875.s1
chr7:39058001-39061000	deletion	12394.p1
chr7:67457001-67618800	duplication	11868.p1
chr7:68825901-68829400	deletion	12313.s1
chr7:70070701-70143300	deletion	12821.p1
chr7:73240499-74739238	duplication	12955.p1
chr7:73240499-74746293	duplication	11154.p1
chr7:74531101-75149500	duplication	12134.p1
chr7:75427201-75430900	deletion	11676.p1
chr7:90362501-90367400	deletion	14604.p1
chr7:95155101-95161000	deletion	13034.p1
chr7:119798901-119832100	deletion	14224.s1
chr7:142686101-142690200	deletion	14478.s1
chr7:143928301-143931900	deletion	12152.s1
chr8:4121001-4505800	deletion	11225.p1
chr8:5623601-5948464	deletion	13263.s1
chr8:11895501-11899300	deletion	13812.s1
chr8:16193454-16218525	deletion	14694.s1
chr8:28412497-28422399	deletion	13484.s1
chr8:30672701-30676700	deletion	12972.p1
chr8:34339901-34345300	deletion	11304.p1
chr8:83793001-83802400	deletion	11445.p1
chr8:88538627-88569152	duplication	12680.p1
chr8:113259301-113262900	duplication	14465.s1
chr8:117248501-117250600	deletion	13215.s1
chr8:121430001-121439399	deletion	14661.p1
chr8:129992401-129996300	deletion	14558.p1
chr8:135669041-135912099	duplication	12871.s1
chr8:142739201-142943411	duplication	14185.s1
chr8:144403601-144417100	duplication	11258.p1
chr9:727020-1345486	duplication	14505.s1
chr9:3208401-3212100	deletion	11922.p1
chr9:13306701-13316760	deletion	11348.p1
chr9:19116201-19152500	duplication	14606.s1
chr9:69237901-74105500	deletion	14254.p1
chr9:95973300-96002719	deletion	13601.s1
chr9:98623901-98626300	deletion	12420.s1
chr9:106931801-106937768	deletion	11262.p1
chr9:122883901-122894151	deletion	13632.p1
chr9:128105349-128709200	duplication	12235.p1
chr9:130650001-130655300	duplication	12100.s1
chr9:131903401-132064700	duplication	12370.p1
chr9:136957901-136961400	deletion	12153.s1
chr9:137440201-137448697	duplication	12581.p1
chr9:137785801-138185500	deletion	12581.p1
chr10:485401-686700	duplication	13070.p1
chr10:786601-1340200	duplication	14572.s1
chr10:13096001-13119300	deletion	14046.s1
chr10:13913228-13941722	deletion	13862.p1
chr10:15248101-20441864	deletion	14211.s1
chr10:21883601-21930534	duplication	14610.p1
chr10:34540280-34605941	duplication	14179.s1
chr10:38792201-38802000	deletion	12481.s1
chr10:45305001-45308900	deletion	13842.p1
chr10:45345501-45674700	duplication	12523.s1
chr10:66315101-66518394	deletion	12631.s1
chr10:75436201-75438200	deletion	13505.p1
chr10:76525601-76529600	deletion	12735.p1
chr10:80974542-81010579	deletion	13812.s1
chr10:105690501-105693000	deletion	13903.s1
chr10:112613901-113475629	deletion	14616.p1
chr10:118991427-119221337	duplication	11718.p1
chr10:125085401-125087700	deletion	14590.s1
chr11:191279-283451	duplication	14247.s1
chr11:18358967-18365366	deletion	14467.p1
chr11:34118419-34138507	deletion	14695.s1
chr11:38992901-39004900	duplication	13148.p1
chr11:45926701-47081700	deletion	14270.p1
chr11:69286301-69344800	deletion	11685.s1
chr11:72324501-72334700	deletion	12100.p1
chr11:99527001-99643400	deletion	13611.s1
chr11:121392801-123018200	deletion	12975.p1
chr11:122438501-122516951	duplication	14681.s1
chr11:132724001-132728400	deletion	14508.s1
chr12:3548101-3556237	deletion	11714.p1
chr12:5962701-5988945	duplication	14473.s1
chr12:6021101-6113300	deletion	14473.s1
chr12:7822601-7839300	duplication	13608.p1
chr12:25274272-25289145	deletion	13694.p1
chr12:42099401-42580400	duplication	14552.p1
chr12:76950001-76953500	deletion	13146.p1
chr12:85342101-85344400	duplication	14030.s1
chr12:96828040-96841343	duplication	11963.p1
chr12:99719201-99750000	deletion	14560.s1
chr12:104070701-104073000	duplication	11775.p1
chr12:122132001-122161200	deletion	11004.p1
chr13:19905301-19981900	duplication	14181.s1
chr13:31548001-31555600	deletion	12821.s1
chr13:31779601-31787600	deletion	11038.p1
chr13:40523601-41343725	duplication	12343.p1
chr13:60802801-60807900	deletion	11537.s1
chr13:78154001-78158600	duplication	12550.s1
chr13:101584701-101627100	deletion	11472.s1
chr13:105111901-105162854	duplication	11380.p1
chr13:107708201-107733800	deletion	13332.p1
chr13:108869901-108872100	deletion	14432.s1
chr14:39510801-39751400	deletion	12426.s1
chr14:41391101-41396900	deletion	14204.s1
chr14:44605601-44619000	deletion	11788.s1
chr14:65690063-65705900	deletion	14114.p1
chr14:102595201-102599400	deletion	13907.p1
chr14:104392935-104505700	duplication	13589.p1
chr15:23364101-28345675	duplication	14159.p1
chr15:26722901-27307300	duplication	13355.p1
chr15:28746501-30955500	duplication	14531.p1
chr15:30613901-32154735	duplication	11928.p1
chr15:53604701-53612476	deletion	14308.p1
chr15:53689101-53691900	deletion	13604.p1
chr15:68807301-73859200	deletion	11233.p1
chr15:92940901-92945600	deletion	13314.p1
chr15:93755201-93797400	deletion	11042.s1
chr15:95927401-96080335	duplication	13465.p1
chr15:98936210-99462439	duplication	14443.p1
chr16:32304-1264400	deletion	11435.p1
chr16:2292001-2295900	deletion	14134.p1
chr16:3424701-3455500	deletion	12984.p1
chr16:8715232-9208187	duplication	11551.p1
chr16:8806101-9152412	duplication	11168.p1
chr16:24714401-27418700	duplication	14638.p1
chr16:28743701-29052769	deletion	13416.p1
chr16:29523777-30189981	duplication	12435.p1
chr16:29532431-30188900	deletion	12100.p1
chr16:29536287-30189981	duplication	13335.p1
chr16:29536287-30190504	duplication	14023.p1
chr16:29545142-30188900	deletion	12451.p1
chr16:29545142-30189981	deletion	11433.p1
chr16:29545142-30189981	deletion	12308.p1
chr16:29545142-30190504	deletion	11090.p1
chr16:29545142-30191700	duplication	12647.p1
chr16:29547579-30188800	deletion	11540.p1
chr16:51934201-51943700	deletion	12643.s1
chr16:61786101-61802698	duplication	11809.s1
chr16:76212301-76482200	deletion	13815.p1
chr16:77909701-77998815	deletion	12383.p1
chr16:81031601-81210700	deletion	13993.p1
chr16:81144501-86159600	deletion	11327.p1
chr16:83127201-83203200	deletion	14475.p1
chr16:84203001-84205400	deletion	12613.s1
chr16:84413362-84495119	deletion	13874.s1
chr16:89740401-89753952	duplication	14412.s1
chr17:1064004-1709900	duplication	14226.p1
chr17:1612601-1620251	deletion	12243.p1
chr17:14185901-15582900	deletion	13555.p1
chr17:15964201-18070300	duplication	13561.p1
chr17:29677780-29689920	deletion	13133.p1
chr17:30621301-30873900	duplication	14459.p1
chr17:36375801-37905300	deletion	11353.p1
chr17:36441101-37900227	deletion	14643.p1
chr17:43121544-43128023	duplication	12221.p1
chr17:43121544-43128023	duplication	12221.s1
chr17:46703246-47019504	duplication	11982.p1
chr17:60013101-62264865	duplication	12117.s1
chr17:75440378-76582968	deletion	14084.p1
chr18:28930801-28933700	deletion	13162.p1
chr18:34594101-34600300	deletion	12585.s1
chr18:38755701-38758500	deletion	13972.s1
chr18:76567079-76573734	deletion	13547.p1
chr19:609155-927182	duplication	12295.s1
chr19:2875201-2918800	deletion	14601.s1
chr19:14938612-15781333	duplication	13018.p1
chr19:17925201-17928200	duplication	14313.p1
chr19:34171301-34176100	deletion	14662.s1
chr19:37138752-37144828	deletion	13335.p1
chr19:37425301-37464344	deletion	11193.s1
chr19:38673801-38677300	deletion	12076.p1
chr19:47132506-47184135	duplication	13874.p1
chr19:47151001-47154000	deletion	14668.s1
chr19:48820101-48846600	duplication	13306.s1
chr19:49719682-49737792	deletion	11441.s1
chr19:50909701-50915300	deletion	11986.s1
chr19:54964236-57146715	duplication	14513.p1
chr19:55020752-55045900	duplication	14459.p1
chr20:494101-497100	deletion	13177.p1
chr20:18293321-18304651	duplication	13023.s1
chr20:18321136-18329677	duplication	13023.p1
chr20:25935173-25974376	deletion	13903.s1
chr20:44226501-44230500	duplication	14661.p1
chr20:44226601-44230500	duplication	14661.s1
chr20:46410001-46412700	deletion	14070.s1
chr20:60194583-60206931	duplication	14207.p1
chr20:62003601-62010374	deletion	13842.p1
chr21:20815001-20822700	deletion	13048.s1
chr21:35237801-35245100	deletion	12618.p1
chr21:40073901-40085400	deletion	13626.p1
chr22:17927001-17929600	deletion	13328.p1
chr22:18943389-20689097	deletion	13859.p1
chr22:18943761-21112032	duplication	14330.p1
chr22:18945212-21114754	deletion	14468.s1
chr22:28312101-28321700	deletion	11236.s1
chr22:29206101-29220210	duplication	13496.s1
chr22:40099401-40374600	deletion	12224.p1
chr22:40836501-40842800	deletion	12618.s1
chr22:44456201-44460200	deletion	11099.s1
chr22:44482101-44484300	deletion	13620.p1
chr22:47793301-50800000	deletion	14232.p1
